query_id,question,generated_answer,correct_answer,confidence,source,em,f1,rouge_l,bleu,answer_contains_gold,latency_s,memory_size,retrieval_count,memory_count
tc_33,Which Lloyd Webber musical premiered in the US on 10th December 1993?,"[LLM_ERROR] The checkpoint you are trying to load has model type `gemma4` but Transformers does not recognize this architecture. This could be because of an issue with the checkpoint, or because your version of Transformers is out of date.

You can update Transformers with the command `pip install --upgrade transformers`. If this does not work, and the checkpoint is very new, then there may not be a release version that supports this model yet. In this case, you can get the most up-to-date code by installing Transformers from source with the command `pip install git+https://github.com/huggingface/transformers.git`",Sunset Boulevard,0.0,retrieval,0.0,0.0,0.0,0.0,False,0.0824120044708252,1,1,0
tc_40,Who was the next British Prime Minister after Arthur Balfour?,"[LLM_ERROR] The checkpoint you are trying to load has model type `gemma4` but Transformers does not recognize this architecture. This could be because of an issue with the checkpoint, or because your version of Transformers is out of date.

You can update Transformers with the command `pip install --upgrade transformers`. If this does not work, and the checkpoint is very new, then there may not be a release version that supports this model yet. In this case, you can get the most up-to-date code by installing Transformers from source with the command `pip install git+https://github.com/huggingface/transformers.git`",Campbell-Bannerman,0.06018464267253876,retrieval,0.0,0.0,0.0,0.0,False,0.1811211109161377,2,2,0
tc_49,Who had a 70s No 1 hit with Kiss You All Over?,"[LLM_ERROR] The checkpoint you are trying to load has model type `gemma4` but Transformers does not recognize this architecture. This could be because of an issue with the checkpoint, or because your version of Transformers is out of date.

You can update Transformers with the command `pip install --upgrade transformers`. If this does not work, and the checkpoint is very new, then there may not be a release version that supports this model yet. In this case, you can get the most up-to-date code by installing Transformers from source with the command `pip install git+https://github.com/huggingface/transformers.git`",Exile,0.12472081184387207,retrieval,0.0,0.020408163265306124,0.018691588785046728,0.0022619184352535814,False,0.18576622009277344,3,3,0
tc_56,What claimed the life of singer Kathleen Ferrier?,"[LLM_ERROR] The checkpoint you are trying to load has model type `gemma4` but Transformers does not recognize this architecture. This could be because of an issue with the checkpoint, or because your version of Transformers is out of date.

You can update Transformers with the command `pip install --upgrade transformers`. If this does not work, and the checkpoint is very new, then there may not be a release version that supports this model yet. In this case, you can get the most up-to-date code by installing Transformers from source with the command `pip install git+https://github.com/huggingface/transformers.git`",Cancer,0.24041351675987244,retrieval,0.0,0.020408163265306124,0.018691588785046728,0.0022619184352535814,False,0.18843865394592285,4,4,0
tc_106,Which actress was voted Miss Greenwich Village in 1942?,"[LLM_ERROR] The checkpoint you are trying to load has model type `gemma4` but Transformers does not recognize this architecture. This could be because of an issue with the checkpoint, or because your version of Transformers is out of date.

You can update Transformers with the command `pip install --upgrade transformers`. If this does not work, and the checkpoint is very new, then there may not be a release version that supports this model yet. In this case, you can get the most up-to-date code by installing Transformers from source with the command `pip install git+https://github.com/huggingface/transformers.git`",Lauren Bacall,0.29370301961898804,retrieval,0.0,0.0,0.0,0.0,False,0.19536209106445312,5,5,0
tc_137,What was the name of Michael Jackson's autobiography written in 1988?,"[LLM_ERROR] The checkpoint you are trying to load has model type `gemma4` but Transformers does not recognize this architecture. This could be because of an issue with the checkpoint, or because your version of Transformers is out of date.

You can update Transformers with the command `pip install --upgrade transformers`. If this does not work, and the checkpoint is very new, then there may not be a release version that supports this model yet. In this case, you can get the most up-to-date code by installing Transformers from source with the command `pip install git+https://github.com/huggingface/transformers.git`",Moonwalk,0.3335970342159271,retrieval,0.0,0.0,0.018518518518518517,0.0,False,0.2144453525543213,6,6,0
tc_217,Which volcano in Tanzania is the highest mountain in Africa?,"[LLM_ERROR] The checkpoint you are trying to load has model type `gemma4` but Transformers does not recognize this architecture. This could be because of an issue with the checkpoint, or because your version of Transformers is out of date.

You can update Transformers with the command `pip install --upgrade transformers`. If this does not work, and the checkpoint is very new, then there may not be a release version that supports this model yet. In this case, you can get the most up-to-date code by installing Transformers from source with the command `pip install git+https://github.com/huggingface/transformers.git`",Kilimanjaro,0.03856777772307396,retrieval,0.0,0.020202020202020204,0.018518518518518517,0.001902039103801027,False,0.20010733604431152,7,7,0
tc_219,The flag of Libya is a plain rectangle of which color?,"[LLM_ERROR] The checkpoint you are trying to load has model type `gemma4` but Transformers does not recognize this architecture. This could be because of an issue with the checkpoint, or because your version of Transformers is out of date.

You can update Transformers with the command `pip install --upgrade transformers`. If this does not work, and the checkpoint is very new, then there may not be a release version that supports this model yet. In this case, you can get the most up-to-date code by installing Transformers from source with the command `pip install git+https://github.com/huggingface/transformers.git`",Green,0.1844726800918579,retrieval,0.0,0.0392156862745098,0.05357142857142857,0.0022619184352535814,False,0.21236395835876465,8,8,0
