query_id,question,generated_answer,correct_answer,confidence,source,em,f1,memory_size,retrieval_count,memory_count
tc_33,Which Lloyd Webber musical premiered in the US on 10th December 1993?,"I can help with that!

According to the provided context, there is no mention of Andrew Lloyd Webber or any of his musicals. The context only talks about the film adaptation of ""Man of La Mancha"" and its production history.

Since I don't have enough information to answer your question, I'll say that I'm not aware of which Lloyd Webber musical premiered in the US on 10th December 1993. If you'd like to provide more context or clarify the question, I'd be happy to try and help!",Sunset Boulevard,0.14007285237312317,retrieval,0.0,0.0,24,1,0
tc_40,Who was the next British Prime Minister after Arthur Balfour?,"I apologize, but there is no mention of Arthur James Balfour or any British Prime Ministers in this context. The text only discusses Jimi Hendrix and his music. Therefore, I do not have enough information to answer your question.",Campbell-Bannerman,0.12083841860294342,retrieval,0.0,0.0,25,2,0
tc_49,Who had a 70s No 1 hit with Kiss You All Over?,"According to the provided context, the song ""Kiss You All Over"" was recorded by several artists, but one of them had a No. 1 hit with this song in the 1970s. The answer is:

Exile (J.P. Pennington and Les Taylor)

This information can be found in the context under the section ""Cover versions"".",Exile,0.14430996775627136,retrieval,0.0,0.08,26,3,0
tc_56,What claimed the life of singer Kathleen Ferrier?,I don't have enough information to answer this question as it is not related to Michelle Pfeiffer's filmography or personal life. The mention of Kathleen Ferrier in the provided text appears to be a separate entity from Michelle Pfeiffer.,Cancer,0.2404135763645172,retrieval,0.0,0.048780487804878044,27,4,0
tc_106,Which actress was voted Miss Greenwich Village in 1942?,"Based on the provided context, I can see that Greta Garbo is mentioned several times, but there is no mention of her being voted ""Miss Greenwich Village"" in 1942. Therefore, I do not have enough information to answer this question.",Lauren Bacall,0.29370301961898804,retrieval,0.0,0.0,28,5,0
tc_137,What was the name of Michael Jackson's autobiography written in 1988?,"I apologize, but there is no mention of Michael Jackson's autobiography or any book written by him in this context. Therefore, I do not have enough information to provide an answer.",Moonwalk,0.3335971534252167,retrieval,0.0,0.0,29,6,0
tc_217,Which volcano in Tanzania is the highest mountain in Africa?,"I think there's been a mistake! The question asks about a volcano in Tanzania being the highest mountain in Africa, but Mount Kilimanjaro is actually located in Tanzania and is the highest peak in Africa, with an elevation of 5,895 meters (19,341 ft).",Kilimanjaro,0.1207004189491272,retrieval,0.0,0.18181818181818182,30,7,0
tc_219,The flag of Libya is a plain rectangle of which color?,"According to the provided context, I don't have enough information to answer this question. The context does mention that Albania and Iran boycotted the 1984 Olympics, but it doesn't provide any information about the flag of Libya. Therefore, I must say that I don't have enough information to answer this question.",Green,0.207049161195755,retrieval,0.0,0.03508771929824562,31,8,0
tc_241,Of which African country is Niamey the capital?,"According to the provided context, I can see that Niamey is mentioned as a city, but it's not specified as the capital of any African country. Therefore, I don't have enough information to provide an answer.",Niger,0.4350752830505371,retrieval,0.0,0.05555555555555555,32,9,0
tc_261,Which musical featured the song The Street Where You Live?,"I don't have enough information to answer this question because ""The Street Where You Live"" is not mentioned in the provided context as a song from any specific musical. The context only mentions ""Gangsta's Paradise"" and its connection to Stevie Wonder's song ""Pastime Paradise"". If you provide more context or clarify which musical you are referring to, I'll be happy to help!",My Fair Lady,0.3285290002822876,retrieval,0.0,0.030303030303030304,33,10,0
